{"cameraMode":{"drawMode":0,"name":"Shaded","section":"Shading Mode"},"sceneLighting":false,"audioPlay":false,"sceneViewState":{"m_AlwaysRefresh":false,"showFog":true,"showSkybox":true,"showFlares":true,"showImageEffects":true,"showParticleSystems":true,"showVisualEffectGraphs":true,"m_FxEnabled":false},"in2DMode":false,"pivot":{"x":3.3169798851013185,"y":2.500211477279663,"z":0.13879981637001038},"rotation":{"x":-0.06642959266901016,"y":0.8702935576438904,"z":-0.12960168719291688,"w":-0.4729495942592621},"size":0.8660280108451843,"orthographic":false}