{"cameraMode":{"drawMode":0,"name":"Shaded","section":"Shading Mode"},"sceneLighting":false,"audioPlay":false,"sceneViewState":{"m_AlwaysRefresh":false,"showFog":true,"showSkybox":true,"showFlares":true,"showImageEffects":true,"showParticleSystems":true,"showVisualEffectGraphs":true,"m_FxEnabled":false},"in2DMode":false,"pivot":{"x":-1.4305760860443116,"y":1.5754590034484864,"z":3.2632322311401369},"rotation":{"x":0.10404392331838608,"y":0.7255481481552124,"z":-0.10853978991508484,"w":0.6731416583061218},"size":0.21680723130702973,"orthographic":false}