{"cameraMode":{"drawMode":0,"name":"Shaded","section":"Shading Mode"},"sceneLighting":false,"audioPlay":false,"sceneViewState":{"m_AlwaysRefresh":false,"showFog":true,"showSkybox":true,"showFlares":true,"showImageEffects":true,"showParticleSystems":true,"showVisualEffectGraphs":true,"m_FxEnabled":false},"in2DMode":false,"pivot":{"x":1.6981432437896729,"y":-2.0650105476379396,"z":6.830749988555908},"rotation":{"x":-0.23421990871429444,"y":0.15655279159545899,"z":-0.038130730390548709,"w":-0.958939790725708},"size":6.7014265060424809,"orthographic":false}