{"cameraMode":{"drawMode":0,"name":"Shaded","section":"Shading Mode"},"sceneLighting":false,"audioPlay":false,"sceneViewState":{"m_AlwaysRefresh":false,"showFog":true,"showSkybox":true,"showFlares":true,"showImageEffects":true,"showParticleSystems":true,"showVisualEffectGraphs":true,"m_FxEnabled":false},"in2DMode":false,"pivot":{"x":-1.8553650379180909,"y":5.327282905578613,"z":5.9385175704956059},"rotation":{"x":-0.06307335197925568,"y":0.9322919249534607,"z":-0.28392595052719118,"w":-0.22028116881847382},"size":0.8660280108451843,"orthographic":false}